INSERT INTO make_user ("uuid", created_at, updated_at, email, first_name, last_name, last_ip, hashed_password, enabled, verified, last_connection, verification_token, verification_token_expires_at, reset_token, reset_token_expires_at, roles, date_of_birth, avatar_url, profession, phone_number, twitter_id, facebook_id, google_id, gender, gender_name, postal_code, karma_level, locale, opt_in_newsletter, country, language) VALUES
	('11111111-1111-1111-1111-111111111111', TIMESTAMPTZ '2017-09-15T08:43:30Z', TIMESTAMPTZ '2017-09-15T08:43:30Z', '${adminEmail}', '${adminFirstName}', NULL, NULL, '${adminEncryptedPassword}', true, false, TIMESTAMPTZ '2017-09-15 08:43:30Z', NULL, '2017-10-15 08:43:30Z', NULL, NULL, 'ROLE_ADMIN,ROLE_CITIZEN', NULL, NULL, NULL, NULL, NULL, NULL, NULL, NULL, NULL, NULL, NULL, NULL, false, 'FR', 'fr');

INSERT INTO oauth_client ("uuid", secret, allowed_grant_types, scope, redirect_uri, created_at, updated_at) VALUES
	('${clientId}', '${clientSecret}', '{"password", "refresh_token", "client_credentials"}', NULL, NULL, '2018-03-06 09:39:11.224216Z', '2018-03-06 09:39:11.224216Z');

INSERT INTO tag (slug, label, enabled, created_at, updated_at) VALUES
	('acces-a-l-emploi', e'acc\u00E8s \u00E0 l\'emploi', true, '2018-03-06 09:39:11.240144Z', '2018-03-06 09:39:11.240144Z'),
	('acces-a-la-culture', e'acc\u00E8s \u00E0 la culture', true, '2018-03-06 09:39:11.240144Z', '2018-03-06 09:39:11.240144Z'),
	('acces-a-la-propriete', e'acc\u00E8s \u00E0 la propri\u00E9t\u00E9', true, '2018-03-06 09:39:11.240144Z', '2018-03-06 09:39:11.240144Z'),
	('acces-au-logement', e'acc\u00E8s au logement', true, '2018-03-06 09:39:11.240144Z', '2018-03-06 09:39:11.240144Z'),
	('acces-aux-soins', e'acc\u00E8s aux soins', true, '2018-03-06 09:39:11.240144Z', '2018-03-06 09:39:11.240144Z'),
	('accessibilite', e'accessibilit\u00E9', true, '2018-03-06 09:39:11.240144Z', '2018-03-06 09:39:11.240144Z'),
	('accommodation', 'accommodation', true, '2018-03-06 09:39:11.240144Z', '2018-03-06 09:39:11.240144Z'),
	('action-publique', 'action publique', true, '2018-03-06 09:39:11.240144Z', '2018-03-06 09:39:11.240144Z'),
	('actionnaires', 'actionnaires', true, '2018-03-06 09:39:11.240144Z', '2018-03-06 09:39:11.240144Z'),
	('addictions', 'addictions', true, '2018-03-06 09:39:11.240144Z', '2018-03-06 09:39:11.240144Z'),
	('afrique', 'Afrique', true, '2018-03-06 09:39:11.240144Z', '2018-03-06 09:39:11.240144Z'),
	('aggression', 'aggression', true, '2018-03-06 09:39:11.240144Z', '2018-03-06 09:39:11.240144Z'),
	('aggressione', 'aggressione', true, '2018-03-06 09:39:11.240144Z', '2018-03-06 09:39:11.240144Z'),
	('agissements-sexistes', 'agissements sexistes', true, '2018-03-06 09:39:11.240144Z', '2018-03-06 09:39:11.240144Z'),
	('agressions-physiques', 'agressions physiques', true, '2018-03-06 09:39:11.240144Z', '2018-03-06 09:39:11.240144Z'),
	('agriculture', 'agriculture', true, '2018-03-06 09:39:11.240144Z', '2018-03-06 09:39:11.240144Z'),
	('agriculture-raisonnee', e'agriculture raisonn\u00E9e', true, '2018-03-06 09:39:11.240144Z', '2018-03-06 09:39:11.240144Z'),
	('aide-au-developpement', e'aide au d\u00E9veloppement', true, '2018-03-06 09:39:11.240144Z', '2018-03-06 09:39:11.240144Z'),
	('aide-humanitaire', 'aide humanitaire', true, '2018-03-06 09:39:11.240144Z', '2018-03-06 09:39:11.240144Z'),
	('aides', 'aides', true, '2018-03-06 09:39:11.240144Z', '2018-03-06 09:39:11.240144Z'),
	('aides-subventions', 'aides & subventions', true, '2018-03-06 09:39:11.240144Z', '2018-03-06 09:39:11.240144Z'),
	('alimentation', 'alimentation', true, '2018-03-06 09:39:11.240144Z', '2018-03-06 09:39:11.240144Z'),
	('allocations-aides', 'allocations & aides', true, '2018-03-06 09:39:11.240144Z', '2018-03-06 09:39:11.240144Z'),
	('amerique-du-nord', e'Am\u00E9rique du Nord', true, '2018-03-06 09:39:11.240144Z', '2018-03-06 09:39:11.240144Z'),
	('amerique-latine', e'Am\u00E9rique Latine', true, '2018-03-06 09:39:11.240144Z', '2018-03-06 09:39:11.240144Z'),
	('animaux', 'animaux', true, '2018-03-06 09:39:11.240144Z', '2018-03-06 09:39:11.240144Z'),
	('armee', e'arm\u00E9e', true, '2018-03-06 09:39:11.240144Z', '2018-03-06 09:39:11.240144Z'),
	('asie', 'Asie', true, '2018-03-06 09:39:11.240144Z', '2018-03-06 09:39:11.240144Z'),
	('associations', 'associations', true, '2018-03-06 09:39:11.240144Z', '2018-03-06 09:39:11.240144Z'),
	('avviso', 'avviso', true, '2018-03-06 09:39:11.240144Z', '2018-03-06 09:39:11.240144Z'),
	('azione-pubblica', 'azione pubblica', true, '2018-03-06 09:39:11.240144Z', '2018-03-06 09:39:11.240144Z'),
	('bien-etre-au-travail', e'bien-\u00EAtre au travail', true, '2018-03-06 09:39:11.240144Z', '2018-03-06 09:39:11.240144Z'),
	('bien-etre-en-classe', e'bien-\u00EAtre en classe', true, '2018-03-06 09:39:11.240144Z', '2018-03-06 09:39:11.240144Z'),
	('bio', 'bio', true, '2018-03-06 09:39:11.240144Z', '2018-03-06 09:39:11.240144Z'),
	('bouleversements-technologiques', 'bouleversements technologiques', true, '2018-03-06 09:39:11.240144Z', '2018-03-06 09:39:11.240144Z'),
	('budget-depenses', e'budget / d\u00E9penses', true, '2018-03-06 09:39:11.240144Z', '2018-03-06 09:39:11.240144Z'),
	('chomage', e'ch\u00F4mage', true, '2018-03-06 09:39:11.240144Z', '2018-03-06 09:39:11.240144Z'),
	('cinema', e'cin\u00E9ma', true, '2018-03-06 09:39:11.240144Z', '2018-03-06 09:39:11.240144Z'),
	('circuits-courts', 'circuits-courts', true, '2018-03-06 09:39:11.240144Z', '2018-03-06 09:39:11.240144Z'),
	('collectivites-locales', e'collectivit\u00E9s locales', true, '2018-03-06 09:39:11.240144Z', '2018-03-06 09:39:11.240144Z'),
	('commerce', 'commerce', true, '2018-03-06 09:39:11.240144Z', '2018-03-06 09:39:11.240144Z'),
	('competitivite', e'comp\u00E9titivit\u00E9', true, '2018-03-06 09:39:11.240144Z', '2018-03-06 09:39:11.240144Z'),
	('comportamento-sessista', 'comportamento sessista', true, '2018-03-06 09:39:11.240144Z', '2018-03-06 09:39:11.240144Z'),
	('conditions-de-travail', 'conditions de travail', true, '2018-03-06 09:39:11.240144Z', '2018-03-06 09:39:11.240144Z'),
	('conflits', 'conflits', true, '2018-03-06 09:39:11.240144Z', '2018-03-06 09:39:11.240144Z'),
	('conges-duree-du-travail', e'cong\u00E9s & dur\u00E9e du travail', true, '2018-03-06 09:39:11.240144Z', '2018-03-06 09:39:11.240144Z'),
	('conquete-spatiale', e'conqu\u00EAte spatiale', true, '2018-03-06 09:39:11.240144Z', '2018-03-06 09:39:11.240144Z'),
	('consommation-raisonnee', e'consommation raisonn\u00E9e', true, '2018-03-06 09:39:11.240144Z', '2018-03-06 09:39:11.240144Z'),
	('consommation-responsable', 'consommation responsable', true, '2018-03-06 09:39:11.240144Z', '2018-03-06 09:39:11.240144Z'),
	('contraception-ivg', 'contraception & IVG', true, '2018-03-06 09:39:11.240144Z', '2018-03-06 09:39:11.240144Z'),
	('cooperation-internationale', e'coop\u00E9ration internationale', true, '2018-03-06 09:39:11.240144Z', '2018-03-06 09:39:11.240144Z'),
	('corps-enseignant', 'corps enseignant ', true, '2018-03-06 09:39:11.240144Z', '2018-03-06 09:39:11.240144Z'),
	('couts-de-scolarite-bourses', e'co\u00FBts de scolarit\u00E9 / bourses', true, '2018-03-06 09:39:11.240144Z', '2018-03-06 09:39:11.240144Z'),
	('couverture-sociale', 'couverture sociale', true, '2018-03-06 09:39:11.240144Z', '2018-03-06 09:39:11.240144Z'),
	('cuisine', 'cuisine', true, '2018-03-06 09:39:11.240144Z', '2018-03-06 09:39:11.240144Z'),
	('culture', 'culture', true, '2018-03-06 09:39:11.240144Z', '2018-03-06 09:39:11.240144Z'),
	('culture-langues', 'culture & langues', true, '2018-03-06 09:39:11.240144Z', '2018-03-06 09:39:11.240144Z'),
	('curation', 'curation', true, '2018-03-06 09:39:11.240144Z', '2018-03-06 09:39:11.240144Z'),
	('cursus', 'cursus', true, '2018-03-06 09:39:11.240144Z', '2018-03-06 09:39:11.240144Z'),
	('cyber-harcelement', e'cyber-harc\u00E8lement', true, '2018-03-06 09:39:11.240144Z', '2018-03-06 09:39:11.240144Z'),
	('danse', 'danse', true, '2018-03-06 09:39:11.240144Z', '2018-03-06 09:39:11.240144Z'),
	('deconnexion', e'd\u00E9connexion', true, '2018-03-06 09:39:11.240144Z', '2018-03-06 09:39:11.240144Z'),
	('decrochage-soutien', e'd\u00E9crochage / soutien', true, '2018-03-06 09:39:11.240144Z', '2018-03-06 09:39:11.240144Z'),
	('democratie', e'd\u00E9mocratie', true, '2018-03-06 09:39:11.240144Z', '2018-03-06 09:39:11.240144Z'),
	('deradicalisation', e'd\u00E9radicalisation', true, '2018-03-06 09:39:11.240144Z', '2018-03-06 09:39:11.240144Z'),
	('description', 'description', true, '2018-03-06 09:39:11.240144Z', '2018-03-06 09:39:11.240144Z'),
	('dessin', 'dessin', true, '2018-03-06 09:39:11.240144Z', '2018-03-06 09:39:11.240144Z'),
	('developpement', e'd\u00E9veloppement', true, '2018-03-06 09:39:11.240144Z', '2018-03-06 09:39:11.240144Z'),
	('diplomatie', 'diplomatie', true, '2018-03-06 09:39:11.240144Z', '2018-03-06 09:39:11.240144Z'),
	('discipline', 'discipline', true, '2018-03-06 09:39:11.240144Z', '2018-03-06 09:39:11.240144Z'),
	('discriminations', 'discriminations', true, '2018-03-06 09:39:11.240144Z', '2018-03-06 09:39:11.240144Z'),
	('dispositifs-de-securite', e'dispositifs de s\u00E9curit\u00E9', true, '2018-03-06 09:39:11.240144Z', '2018-03-06 09:39:11.240144Z'),
	('distribution', 'distribution', true, '2018-03-06 09:39:11.240144Z', '2018-03-06 09:39:11.240144Z'),
	('domestic-violence', 'domestic violence', true, '2018-03-06 09:39:11.240144Z', '2018-03-06 09:39:11.240144Z'),
	('drogues-et-trafics', 'drogues et trafics', true, '2018-03-06 09:39:11.240144Z', '2018-03-06 09:39:11.240144Z'),
	('droit-du-travail', 'droit du travail', true, '2018-03-06 09:39:11.240144Z', '2018-03-06 09:39:11.240144Z'),
	('ecologie', e'\u00E9cologie', true, '2018-03-06 09:39:11.240144Z', '2018-03-06 09:39:11.240144Z'),
	('economie', e'\u00E9conomie', true, '2018-03-06 09:39:11.240144Z', '2018-03-06 09:39:11.240144Z'),
	('economie-solidaire', e'\u00E9conomie solidaire', true, '2018-03-06 09:39:11.240144Z', '2018-03-06 09:39:11.240144Z'),
	('education', e'\u00E9ducation', true, '2018-03-06 09:39:11.240144Z', '2018-03-06 09:39:11.240144Z'),
	('education-awareness', 'education & awareness', true, '2018-03-06 09:39:11.240144Z', '2018-03-06 09:39:11.240144Z'),
	('education-civique', e'\u00E9ducation civique', true, '2018-03-06 09:39:11.240144Z', '2018-03-06 09:39:11.240144Z'),
	('education-sensibilisation', e'\u00E9ducation & sensibilisation', true, '2018-03-06 09:39:11.240144Z', '2018-03-06 09:39:11.240144Z'),
	('educazione-sensibilizzazione', 'educazione & sensibilizzazione', true, '2018-03-06 09:39:11.240144Z', '2018-03-06 09:39:11.240144Z'),
	('effectifs', 'effectifs', true, '2018-03-06 09:39:11.240144Z', '2018-03-06 09:39:11.240144Z'),
	('efficacite-de-l-etat', e'efficacit\u00E9 de l\'Etat', true, '2018-03-06 09:39:11.240144Z', '2018-03-06 09:39:11.240144Z'),
	('egalite', e'\u00E9galit\u00E9 ', true, '2018-03-06 09:39:11.240144Z', '2018-03-06 09:39:11.240144Z'),
	('egalite-des-chances', e'\u00E9galit\u00E9 des chances', true, '2018-03-06 09:39:11.240144Z', '2018-03-06 09:39:11.240144Z'),
	('egalite-hommes-femmes', e'\u00E9galit\u00E9 hommes femmes', true, '2018-03-06 09:39:11.240144Z', '2018-03-06 09:39:11.240144Z'),
	('elections-vote', e'\u00E9lections & vote', true, '2018-03-06 09:39:11.240144Z', '2018-03-06 09:39:11.240144Z'),
	('energies-renouvelables', e'\u00E9nergies renouvelables', true, '2018-03-06 09:39:11.240144Z', '2018-03-06 09:39:11.240144Z'),
	('energies-traditionnelles', e'\u00E9nergies traditionnelles', true, '2018-03-06 09:39:11.240144Z', '2018-03-06 09:39:11.240144Z'),
	('entreprenariat', 'entreprenariat', true, '2018-03-06 09:39:11.240144Z', '2018-03-06 09:39:11.240144Z'),
	('entreprises-collectivites', e'entreprises & collectivit\u00E9s', true, '2018-03-06 09:39:11.240144Z', '2018-03-06 09:39:11.240144Z'),
	('entreprises-emploi', 'entreprises & emploi', true, '2018-03-06 09:39:11.240144Z', '2018-03-06 09:39:11.240144Z'),
	('equipement-materiel', e'\u00E9quipement / mat\u00E9riel', true, '2018-03-06 09:39:11.240144Z', '2018-03-06 09:39:11.240144Z'),
	('etiquetage-label', e'\u00E9tiquetage & label', true, '2018-03-06 09:39:11.240144Z', '2018-03-06 09:39:11.240144Z'),
	('etudiants', e'\u00E9tudiants', true, '2018-03-06 09:39:11.240144Z', '2018-03-06 09:39:11.240144Z'),
	('europe', 'europe', true, '2018-03-06 09:39:11.240144Z', '2018-03-06 09:39:11.240144Z'),
	('evaluation-de-l-eleve', e'\u00E9valuation de l\'\u00E9l\u00E8ve', true, '2018-03-06 09:39:11.240144Z', '2018-03-06 09:39:11.240144Z');

INSERT INTO tag (slug, label, enabled, created_at, updated_at) VALUES
	('exclusion-sociale', 'exclusion sociale', true, '2018-03-06 09:39:11.240144Z', '2018-03-06 09:39:11.240144Z'),
	('exemplarite', e'exemplarit\u00E9', true, '2018-03-06 09:39:11.240144Z', '2018-03-06 09:39:11.240144Z'),
	('famille', 'famille', true, '2018-03-06 09:39:11.240144Z', '2018-03-06 09:39:11.240144Z'),
	('finance', 'finance', true, '2018-03-06 09:39:11.240144Z', '2018-03-06 09:39:11.240144Z'),
	('finance-monnaie', 'finance & monnaie', true, '2018-03-06 09:39:11.240144Z', '2018-03-06 09:39:11.240144Z'),
	('financement', 'financement', true, '2018-03-06 09:39:11.240144Z', '2018-03-06 09:39:11.240144Z'),
	('financial-independence', 'financial independence', true, '2018-03-06 09:39:11.240144Z', '2018-03-06 09:39:11.240144Z'),
	('fiscalite', e'fiscalit\u00E9', true, '2018-03-06 09:39:11.240144Z', '2018-03-06 09:39:11.240144Z'),
	('fiscalite-subventions', e'fiscalit\u00E9 & subventions', true, '2018-03-06 09:39:11.240144Z', '2018-03-06 09:39:11.240144Z'),
	('fiscalite-taxes', e'fiscalit\u00E9 & taxes', true, '2018-03-06 09:39:11.240144Z', '2018-03-06 09:39:11.240144Z'),
	('fonctionnaires', 'fonctionnaires', true, '2018-03-06 09:39:11.240144Z', '2018-03-06 09:39:11.240144Z'),
	('fonctionnement-des-institutions', 'fonctionnement des institutions', true, '2018-03-06 09:39:11.240144Z', '2018-03-06 09:39:11.240144Z'),
	('formation', 'formation', true, '2018-03-06 09:39:11.240144Z', '2018-03-06 09:39:11.240144Z'),
	('fracture-numerique', e'fracture num\u00E9rique', true, '2018-03-06 09:39:11.240144Z', '2018-03-06 09:39:11.240144Z'),
	('gafa', 'GAFA', true, '2018-03-06 09:39:11.240144Z', '2018-03-06 09:39:11.240144Z'),
	('gastronomie', 'gastronomie', true, '2018-03-06 09:39:11.240144Z', '2018-03-06 09:39:11.240144Z'),
	('gouvernance-mondiale', 'gouvernance-mondiale', true, '2018-03-06 09:39:11.240144Z', '2018-03-06 09:39:11.240144Z'),
	('guerres', 'guerres', true, '2018-03-06 09:39:11.240144Z', '2018-03-06 09:39:11.240144Z'),
	('habitudes-alimentaires', 'habitudes alimentaires', true, '2018-03-06 09:39:11.240144Z', '2018-03-06 09:39:11.240144Z'),
	('handicap', 'handicap', true, '2018-03-06 09:39:11.240144Z', '2018-03-06 09:39:11.240144Z'),
	('harassment', 'harassment', true, '2018-03-06 09:39:11.240144Z', '2018-03-06 09:39:11.240144Z'),
	('harcelement', e'harc\u00E8lement', true, '2018-03-06 09:39:11.240144Z', '2018-03-06 09:39:11.240144Z'),
	('harcelement-violence', e'harc\u00E8lement / violence', true, '2018-03-06 09:39:11.240144Z', '2018-03-06 09:39:11.240144Z'),
	('harmful-questionnable-traditions', 'harmful/questionnable traditions', true, '2018-03-06 09:39:11.240144Z', '2018-03-06 09:39:11.240144Z'),
	('hebergement', e'h\u00E9bergement', true, '2018-03-06 09:39:11.240144Z', '2018-03-06 09:39:11.240144Z'),
	('image-des-femmes', 'image des femmes', true, '2018-03-06 09:39:11.240144Z', '2018-03-06 09:39:11.240144Z'),
	('image-of-women', 'image of women', true, '2018-03-06 09:39:11.240144Z', '2018-03-06 09:39:11.240144Z'),
	('immagine-della-donna', 'immagine della donna', true, '2018-03-06 09:39:11.240144Z', '2018-03-06 09:39:11.240144Z'),
	('immigration', 'immigration', true, '2018-03-06 09:39:11.240144Z', '2018-03-06 09:39:11.240144Z'),
	('independance-financiere', e'ind\u00E9pendance financi\u00E8re', true, '2018-03-06 09:39:11.240144Z', '2018-03-06 09:39:11.240144Z'),
	('indipendenza-finanziaria', 'indipendenza finanziaria', true, '2018-03-06 09:39:11.240144Z', '2018-03-06 09:39:11.240144Z'),
	('industrie', 'industrie', true, '2018-03-06 09:39:11.240144Z', '2018-03-06 09:39:11.240144Z'),
	('industrie-agroalimentaire', 'industrie agroalimentaire', true, '2018-03-06 09:39:11.240144Z', '2018-03-06 09:39:11.240144Z'),
	('inegalites', e'in\u00E9galit\u00E9s', true, '2018-03-06 09:39:11.240144Z', '2018-03-06 09:39:11.240144Z'),
	('information', 'information', true, '2018-03-06 09:39:11.240144Z', '2018-03-06 09:39:11.240144Z'),
	('information-labels', 'information & labels', true, '2018-03-06 09:39:11.240144Z', '2018-03-06 09:39:11.240144Z'),
	('information-transparence', 'information & transparence', true, '2018-03-06 09:39:11.240144Z', '2018-03-06 09:39:11.240144Z'),
	('insalubrite', e'insalubrit\u00E9', true, '2018-03-06 09:39:11.240144Z', '2018-03-06 09:39:11.240144Z'),
	('institutions', 'institutions', true, '2018-03-06 09:39:11.240144Z', '2018-03-06 09:39:11.240144Z'),
	('international', 'international', true, '2018-03-06 09:39:11.240144Z', '2018-03-06 09:39:11.240144Z'),
	('jeunesse', 'jeunesse', true, '2018-03-06 09:39:11.240144Z', '2018-03-06 09:39:11.240144Z'),
	('justice', 'justice', true, '2018-03-06 09:39:11.240144Z', '2018-03-06 09:39:11.240144Z'),
	('laicite', e'la\u00EFcit\u00E9', true, '2018-03-06 09:39:11.240144Z', '2018-03-06 09:39:11.240144Z'),
	('lien-social', 'lien social', true, '2018-03-06 09:39:11.240144Z', '2018-03-06 09:39:11.240144Z'),
	('local', 'local', true, '2018-03-06 09:39:11.240144Z', '2018-03-06 09:39:11.240144Z'),
	('logement', 'logement', true, '2018-03-06 09:39:11.240144Z', '2018-03-06 09:39:11.240144Z'),
	('logements-sociaux', 'logements sociaux', true, '2018-03-06 09:39:11.240144Z', '2018-03-06 09:39:11.240144Z'),
	('logements-vacants', 'logements vacants', true, '2018-03-06 09:39:11.240144Z', '2018-03-06 09:39:11.240144Z'),
	('loisirs', 'loisirs ', true, '2018-03-06 09:39:11.240144Z', '2018-03-06 09:39:11.240144Z'),
	('loyers', 'loyers', true, '2018-03-06 09:39:11.240144Z', '2018-03-06 09:39:11.240144Z'),
	('lpae-action-associations-ong', 'action : associations & ONG', true, '2018-03-06 09:39:11.240144Z', '2018-03-06 09:39:11.240144Z'),
	('lpae-action-des-individus', 'action : des individus', true, '2018-03-06 09:39:11.240144Z', '2018-03-06 09:39:11.240144Z'),
	('lpae-action-entreprises', 'action : entreprises', true, '2018-03-06 09:39:11.240144Z', '2018-03-06 09:39:11.240144Z'),
	('lpae-action-instances-mondiales', 'action : instances mondiales', true, '2018-03-06 09:39:11.240144Z', '2018-03-06 09:39:11.240144Z'),
	('lpae-action-publique', 'action : publique', true, '2018-03-06 09:39:11.240144Z', '2018-03-06 09:39:11.240144Z'),
	('lpae-action-syndicats', 'action : syndicats', true, '2018-03-06 09:39:11.240144Z', '2018-03-06 09:39:11.240144Z'),
	('lpae-agriculture', 'agriculture', true, '2018-03-06 09:39:11.240144Z', '2018-03-06 09:39:11.240144Z'),
	('lpae-aides-subventions', 'aides & subventions', true, '2018-03-06 09:39:11.240144Z', '2018-03-06 09:39:11.240144Z'),
	('lpae-bouleversements-technologiques', 'bouleversements technologiques', true, '2018-03-06 09:39:11.240144Z', '2018-03-06 09:39:11.240144Z'),
	('lpae-chomage', e'ch\u00F4mage', true, '2018-03-06 09:39:11.240144Z', '2018-03-06 09:39:11.240144Z'),
	('lpae-cible-associations-ong', 'cible : associations & ONG', true, '2018-03-06 09:39:11.240144Z', '2018-03-06 09:39:11.240144Z'),
	('lpae-cible-collectivites-territoriales', e'cible : collectivit\u00E9s territoriales', true, '2018-03-06 09:39:11.240144Z', '2018-03-06 09:39:11.240144Z'),
	('lpae-cible-elus', e'cible : \u00E9lus', true, '2018-03-06 09:39:11.240144Z', '2018-03-06 09:39:11.240144Z'),
	('lpae-cible-entreprises', 'cible : entreprises', true, '2018-03-06 09:39:11.240144Z', '2018-03-06 09:39:11.240144Z'),
	('lpae-cible-etats-gouvernements', 'cible : Etats & gouvernements', true, '2018-03-06 09:39:11.240144Z', '2018-03-06 09:39:11.240144Z'),
	('lpae-cible-individus', 'cible : individus', true, '2018-03-06 09:39:11.240144Z', '2018-03-06 09:39:11.240144Z'),
	('lpae-cible-instances-mondiales', 'cible : instances mondiales', true, '2018-03-06 09:39:11.240144Z', '2018-03-06 09:39:11.240144Z'),
	('lpae-cible-syndicats', 'cible : syndicats', true, '2018-03-06 09:39:11.240144Z', '2018-03-06 09:39:11.240144Z'),
	('lpae-conditions-de-travail', 'conditions de travail', true, '2018-03-06 09:39:11.240144Z', '2018-03-06 09:39:11.240144Z'),
	('lpae-conquete-spatiale', e'conqu\u00EAte spatiale', true, '2018-03-06 09:39:11.240144Z', '2018-03-06 09:39:11.240144Z'),
	('lpae-couverture-sociale', 'couverture sociale', true, '2018-03-06 09:39:11.240144Z', '2018-03-06 09:39:11.240144Z'),
	('lpae-culture', 'culture', true, '2018-03-06 09:39:11.240144Z', '2018-03-06 09:39:11.240144Z'),
	('lpae-curation', 'curation', true, '2018-03-06 09:39:11.240144Z', '2018-03-06 09:39:11.240144Z'),
	('lpae-democratie', e'd\u00E9mocratie', true, '2018-03-06 09:39:11.240144Z', '2018-03-06 09:39:11.240144Z'),
	('lpae-developpement', e'd\u00E9veloppement', true, '2018-03-06 09:39:11.240144Z', '2018-03-06 09:39:11.240144Z'),
	('lpae-discriminations', 'discriminations', true, '2018-03-06 09:39:11.240144Z', '2018-03-06 09:39:11.240144Z'),
	('lpae-ecologie', e'\u00E9cologie', true, '2018-03-06 09:39:11.240144Z', '2018-03-06 09:39:11.240144Z'),
	('lpae-education', e'\u00E9ducation', true, '2018-03-06 09:39:11.240144Z', '2018-03-06 09:39:11.240144Z'),
	('lpae-efficacite-de-l-etat', e'efficacit\u00E9 de l\'Etat', true, '2018-03-06 09:39:11.240144Z', '2018-03-06 09:39:11.240144Z'),
	('lpae-entreprenariat', 'entreprenariat', true, '2018-03-06 09:39:11.240144Z', '2018-03-06 09:39:11.240144Z'),
	('lpae-finance', 'finance', true, '2018-03-06 09:39:11.240144Z', '2018-03-06 09:39:11.240144Z'),
	('lpae-fiscalite', e'fiscalit\u00E9', true, '2018-03-06 09:39:11.240144Z', '2018-03-06 09:39:11.240144Z'),
	('lpae-fonctionnement-des-institutions', 'fonctionnement des institutions', true, '2018-03-06 09:39:11.240144Z', '2018-03-06 09:39:11.240144Z'),
	('lpae-gouvernance-mondiale', 'gouvernance mondiale', true, '2018-03-06 09:39:11.240144Z', '2018-03-06 09:39:11.240144Z'),
	('lpae-guerres', 'guerres', true, '2018-03-06 09:39:11.240144Z', '2018-03-06 09:39:11.240144Z'),
	('lpae-handicap', 'handicap', true, '2018-03-06 09:39:11.240144Z', '2018-03-06 09:39:11.240144Z'),
	('lpae-inegalites', e'in\u00E9galit\u00E9s', true, '2018-03-06 09:39:11.240144Z', '2018-03-06 09:39:11.240144Z'),
	('lpae-jeunesse', 'jeunesse', true, '2018-03-06 09:39:11.240144Z', '2018-03-06 09:39:11.240144Z'),
	('lpae-justice', 'justice', true, '2018-03-06 09:39:11.240144Z', '2018-03-06 09:39:11.240144Z'),
	('lpae-logement', 'logement', true, '2018-03-06 09:39:11.240144Z', '2018-03-06 09:39:11.240144Z'),
	('lpae-medical', e'm\u00E9dical', true, '2018-03-06 09:39:11.240144Z', '2018-03-06 09:39:11.240144Z'),
	('lpae-mobilites', e'mobilit\u00E9s', true, '2018-03-06 09:39:11.240144Z', '2018-03-06 09:39:11.240144Z'),
	('lpae-nouvelles-technologies', 'nouvelles technologies', true, '2018-03-06 09:39:11.240144Z', '2018-03-06 09:39:11.240144Z'),
	('lpae-participation-citoyenne', 'participation citoyenne', true, '2018-03-06 09:39:11.240144Z', '2018-03-06 09:39:11.240144Z'),
	('lpae-pauvrete', e'pauvret\u00E9', true, '2018-03-06 09:39:11.240144Z', '2018-03-06 09:39:11.240144Z'),
	('lpae-politique-eco-regulation', e'politique \u00E9co & r\u00E9gulation', true, '2018-03-06 09:39:11.240144Z', '2018-03-06 09:39:11.240144Z'),
	('lpae-politique-monetaire', e'politique mon\u00E9taire', true, '2018-03-06 09:39:11.240144Z', '2018-03-06 09:39:11.240144Z'),
	('lpae-prevention', e'pr\u00E9vention', true, '2018-03-06 09:39:11.240144Z', '2018-03-06 09:39:11.240144Z'),
	('lpae-recherche-innovation', 'recherche & innovation', true, '2018-03-06 09:39:11.240144Z', '2018-03-06 09:39:11.240144Z'),
	('lpae-repression', e'r\u00E9pression', true, '2018-03-06 09:39:11.240144Z', '2018-03-06 09:39:11.240144Z');

INSERT INTO tag (slug, label, enabled, created_at, updated_at) VALUES
	('lpae-rse', 'RSE', true, '2018-03-06 09:39:11.240144Z', '2018-03-06 09:39:11.240144Z'),
	('lpae-sanctions', 'sanctions', true, '2018-03-06 09:39:11.240144Z', '2018-03-06 09:39:11.240144Z'),
	('lpae-sante', e'sant\u00E9', true, '2018-03-06 09:39:11.240144Z', '2018-03-06 09:39:11.240144Z'),
	('lpae-sensibilisation', 'sensibilisation', true, '2018-03-06 09:39:11.240144Z', '2018-03-06 09:39:11.240144Z'),
	('lpae-solidarites', e'solidarit\u00E9s', true, '2018-03-06 09:39:11.240144Z', '2018-03-06 09:39:11.240144Z'),
	(e'lpae-s\u00E9curite', e's\u00E9curit\u00E9', true, '2018-03-06 09:39:11.240144Z', '2018-03-06 09:39:11.240144Z'),
	('lpae-terrorisme', 'terrorisme', true, '2018-03-06 09:39:11.240144Z', '2018-03-06 09:39:11.240144Z'),
	('lpae-ue', 'UE', true, '2018-03-06 09:39:11.240144Z', '2018-03-06 09:39:11.240144Z'),
	('lpae-vieillissement', 'vieillissement', true, '2018-03-06 09:39:11.240144Z', '2018-03-06 09:39:11.240144Z'),
	('malbouffe', 'malbouffe', true, '2018-03-06 09:39:11.240144Z', '2018-03-06 09:39:11.240144Z'),
	('marche-immobilier', e'march\u00E9 immobilier', true, '2018-03-06 09:39:11.240144Z', '2018-03-06 09:39:11.240144Z'),
	('medias', e'm\u00E9dias', true, '2018-03-06 09:39:11.240144Z', '2018-03-06 09:39:11.240144Z'),
	('medical', e'm\u00E9dical', true, '2018-03-06 09:39:11.240144Z', '2018-03-06 09:39:11.240144Z'),
	('methodes-d-apprentissage', e'm\u00E9thodes d\'apprentissage', true, '2018-03-06 09:39:11.240144Z', '2018-03-06 09:39:11.240144Z'),
	('minorites', e'minorit\u00E9s', true, '2018-03-06 09:39:11.240144Z', '2018-03-06 09:39:11.240144Z'),
	('mobilites', e'mobilit\u00E9s', true, '2018-03-06 09:39:11.240144Z', '2018-03-06 09:39:11.240144Z'),
	('mode', 'mode', true, '2018-03-06 09:39:11.240144Z', '2018-03-06 09:39:11.240144Z'),
	('molestia', 'molestia', true, '2018-03-06 09:39:11.240144Z', '2018-03-06 09:39:11.240144Z'),
	('monde-du-travail', 'monde du travail', true, '2018-03-06 09:39:11.240144Z', '2018-03-06 09:39:11.240144Z'),
	('monde-medical', e'monde m\u00E9dical', true, '2018-03-06 09:39:11.240144Z', '2018-03-06 09:39:11.240144Z'),
	('mondo-del-lavoro', 'mondo del lavoro', true, '2018-03-06 09:39:11.240144Z', '2018-03-06 09:39:11.240144Z'),
	('monnaie', 'monnaie', true, '2018-03-06 09:39:11.240144Z', '2018-03-06 09:39:11.240144Z'),
	('moyen-orient', 'Moyen-Orient', true, '2018-03-06 09:39:11.240144Z', '2018-03-06 09:39:11.240144Z'),
	('musees', e'mus\u00E9es', true, '2018-03-06 09:39:11.240144Z', '2018-03-06 09:39:11.240144Z'),
	('musique', 'musique', true, '2018-03-06 09:39:11.240144Z', '2018-03-06 09:39:11.240144Z'),
	('mutilations', 'mutilations', true, '2018-03-06 09:39:11.240144Z', '2018-03-06 09:39:11.240144Z'),
	('mutilazioni', 'mutilazioni', true, '2018-03-06 09:39:11.240144Z', '2018-03-06 09:39:11.240144Z'),
	('nouvelles-technologies', 'nouvelles technologies', true, '2018-03-06 09:39:11.240144Z', '2018-03-06 09:39:11.240144Z'),
	('nucleaire', e'nucl\u00E9aire', true, '2018-03-06 09:39:11.240144Z', '2018-03-06 09:39:11.240144Z'),
	('oceanie', e'Oc\u00E9anie', true, '2018-03-06 09:39:11.240144Z', '2018-03-06 09:39:11.240144Z'),
	('ogms-pesticides', 'ogms & pesticides', true, '2018-03-06 09:39:11.240144Z', '2018-03-06 09:39:11.240144Z'),
	('orientation', 'orientation', true, '2018-03-06 09:39:11.240144Z', '2018-03-06 09:39:11.240144Z'),
	('parents-d-eleves', e'parents d\'\u00E9l\u00E8ves', true, '2018-03-06 09:39:11.240144Z', '2018-03-06 09:39:11.240144Z'),
	('participation-citoyenne', 'participation citoyenne', true, '2018-03-06 09:39:11.240144Z', '2018-03-06 09:39:11.240144Z'),
	('patrimoine', 'patrimoine', true, '2018-03-06 09:39:11.240144Z', '2018-03-06 09:39:11.240144Z'),
	('pauvrete', e'pauvret\u00E9', true, '2018-03-06 09:39:11.240144Z', '2018-03-06 09:39:11.240144Z'),
	('pedagogie', e'p\u00E9dagogie', true, '2018-03-06 09:39:11.240144Z', '2018-03-06 09:39:11.240144Z'),
	('peines', 'peines', true, '2018-03-06 09:39:11.240144Z', '2018-03-06 09:39:11.240144Z'),
	('peinture', 'peinture', true, '2018-03-06 09:39:11.240144Z', '2018-03-06 09:39:11.240144Z'),
	('permaculture', 'permaculture', true, '2018-03-06 09:39:11.240144Z', '2018-03-06 09:39:11.240144Z'),
	('plaintes', 'plaintes', true, '2018-03-06 09:39:11.240144Z', '2018-03-06 09:39:11.240144Z'),
	('pme-tpe-startups', 'PME TPE & startups', true, '2018-03-06 09:39:11.240144Z', '2018-03-06 09:39:11.240144Z'),
	('police', 'police', true, '2018-03-06 09:39:11.240144Z', '2018-03-06 09:39:11.240144Z'),
	('police-justice', 'police & justice', true, '2018-03-06 09:39:11.240144Z', '2018-03-06 09:39:11.240144Z'),
	('politique-de-l-education', e'politique de l\'\u00E9ducation', true, '2018-03-06 09:39:11.240144Z', '2018-03-06 09:39:11.240144Z'),
	('politique-eco-regulation', e'politique \u00E9co & r\u00E9gulation', true, '2018-03-06 09:39:11.240144Z', '2018-03-06 09:39:11.240144Z'),
	('politique-monetaire', e'politique mon\u00E9taire', true, '2018-03-06 09:39:11.240144Z', '2018-03-06 09:39:11.240144Z'),
	('polizia-giustizia', 'polizia & giustizia', true, '2018-03-06 09:39:11.240144Z', '2018-03-06 09:39:11.240144Z'),
	('pollution', 'pollution', true, '2018-03-06 09:39:11.240144Z', '2018-03-06 09:39:11.240144Z'),
	('port-d-armes', e'port d\'armes', true, '2018-03-06 09:39:11.240144Z', '2018-03-06 09:39:11.240144Z'),
	('pouvoir-d-achat', e'pouvoir d\'achat', true, '2018-03-06 09:39:11.240144Z', '2018-03-06 09:39:11.240144Z'),
	('prevention', e'pr\u00E9vention', true, '2018-03-06 09:39:11.240144Z', '2018-03-06 09:39:11.240144Z'),
	('prevention-en', 'prevention', true, '2018-03-06 09:39:11.240144Z', '2018-03-06 09:39:11.240144Z'),
	('prevention-sante', e'pr\u00E9vention & sant\u00E9 ', true, '2018-03-06 09:39:11.240144Z', '2018-03-06 09:39:11.240144Z'),
	('prevenzione', 'prevenzione', true, '2018-03-06 09:39:11.240144Z', '2018-03-06 09:39:11.240144Z'),
	('prison', 'prison', true, '2018-03-06 09:39:11.240144Z', '2018-03-06 09:39:11.240144Z'),
	('produits-agricoles', 'produits agricoles', true, '2018-03-06 09:39:11.240144Z', '2018-03-06 09:39:11.240144Z'),
	('produits-chimiques-ogms', 'produits chimiques & ogms', true, '2018-03-06 09:39:11.240144Z', '2018-03-06 09:39:11.240144Z'),
	('professional-environment', 'professional environment', true, '2018-03-06 09:39:11.240144Z', '2018-03-06 09:39:11.240144Z'),
	('professionnalisation', 'professionnalisation', true, '2018-03-06 09:39:11.240144Z', '2018-03-06 09:39:11.240144Z'),
	('programmes-matieres', e'programmes & mati\u00E8res', true, '2018-03-06 09:39:11.240144Z', '2018-03-06 09:39:11.240144Z'),
	('protection', 'protection', true, '2018-03-06 09:39:11.240144Z', '2018-03-06 09:39:11.240144Z'),
	('protection-des-victimes', 'protection des victimes', true, '2018-03-06 09:39:11.240144Z', '2018-03-06 09:39:11.240144Z'),
	('protezione', 'protezione', true, '2018-03-06 09:39:11.240144Z', '2018-03-06 09:39:11.240144Z'),
	('psychological-support', 'psychological support', true, '2018-03-06 09:39:11.240144Z', '2018-03-06 09:39:11.240144Z'),
	('public-action', 'public action', true, '2018-03-06 09:39:11.240144Z', '2018-03-06 09:39:11.240144Z'),
	('public-prive', e'public / priv\u00E9', true, '2018-03-06 09:39:11.240144Z', '2018-03-06 09:39:11.240144Z'),
	('publicite', e'publicit\u00E9', true, '2018-03-06 09:39:11.240144Z', '2018-03-06 09:39:11.240144Z'),
	('qualite-de-vie', e'qualit\u00E9 de vie', true, '2018-03-06 09:39:11.240144Z', '2018-03-06 09:39:11.240144Z'),
	('quartiers-sensibles', 'quartiers sensibles', true, '2018-03-06 09:39:11.240144Z', '2018-03-06 09:39:11.240144Z'),
	('recherche', 'recherche', true, '2018-03-06 09:39:11.240144Z', '2018-03-06 09:39:11.240144Z'),
	('recherche-innovation', 'recherche & innovation', true, '2018-03-06 09:39:11.240144Z', '2018-03-06 09:39:11.240144Z'),
	('recyclage-zero-dechets', e'recyclage & z\u00E9ro-d\u00E9chets', true, '2018-03-06 09:39:11.240144Z', '2018-03-06 09:39:11.240144Z'),
	('refugies', e'r\u00E9fugi\u00E9s', true, '2018-03-06 09:39:11.240144Z', '2018-03-06 09:39:11.240144Z'),
	('reglementation', e'r\u00E8glementation', true, '2018-03-06 09:39:11.240144Z', '2018-03-06 09:39:11.240144Z'),
	('reinsertion', e'r\u00E9insertion', true, '2018-03-06 09:39:11.240144Z', '2018-03-06 09:39:11.240144Z'),
	('renouvellement', 'renouvellement', true, '2018-03-06 09:39:11.240144Z', '2018-03-06 09:39:11.240144Z'),
	('renseignement', 'renseignement', true, '2018-03-06 09:39:11.240144Z', '2018-03-06 09:39:11.240144Z'),
	('reponses', e'r\u00E9ponses', true, '2018-03-06 09:39:11.240144Z', '2018-03-06 09:39:11.240144Z'),
	('representativite', e'repr\u00E9sentativit\u00E9', true, '2018-03-06 09:39:11.240144Z', '2018-03-06 09:39:11.240144Z'),
	('repression', e'r\u00E9pression', true, '2018-03-06 09:39:11.240144Z', '2018-03-06 09:39:11.240144Z'),
	('reseaux-de-distribution', e'r\u00E9seaux de distribution', true, '2018-03-06 09:39:11.240144Z', '2018-03-06 09:39:11.240144Z'),
	('reseaux-sociaux', e'r\u00E9seaux sociaux', true, '2018-03-06 09:39:11.240144Z', '2018-03-06 09:39:11.240144Z'),
	('responses', 'responses', true, '2018-03-06 09:39:11.240144Z', '2018-03-06 09:39:11.240144Z'),
	('retraite', 'retraite', true, '2018-03-06 09:39:11.240144Z', '2018-03-06 09:39:11.240144Z'),
	('revenu-universel-de-base', 'revenu universel de base', true, '2018-03-06 09:39:11.240144Z', '2018-03-06 09:39:11.240144Z'),
	('risposte', 'risposte', true, '2018-03-06 09:39:11.240144Z', '2018-03-06 09:39:11.240144Z'),
	('rse', 'RSE', true, '2018-03-06 09:39:11.240144Z', '2018-03-06 09:39:11.240144Z'),
	('rythmes-scolaires', 'rythmes scolaires ', true, '2018-03-06 09:39:11.240144Z', '2018-03-06 09:39:11.240144Z'),
	('salaire-remuneration', e'salaire / r\u00E9mun\u00E9ration', true, '2018-03-06 09:39:11.240144Z', '2018-03-06 09:39:11.240144Z'),
	('sanctions', 'sanctions', true, '2018-03-06 09:39:11.240144Z', '2018-03-06 09:39:11.240144Z'),
	('sante', e'sant\u00E9', true, '2018-03-06 09:39:11.240144Z', '2018-03-06 09:39:11.240144Z'),
	('sdf', 'SDF', true, '2018-03-06 09:39:11.240144Z', '2018-03-06 09:39:11.240144Z'),
	('secu', e'S\u00E9cu', true, '2018-03-06 09:39:11.240144Z', '2018-03-06 09:39:11.240144Z'),
	('securite-routiere', e's\u00E9curit\u00E9 routi\u00E8re', true, '2018-03-06 09:39:11.240144Z', '2018-03-06 09:39:11.240144Z'),
	('seniors', 'seniors', true, '2018-03-06 09:39:11.240144Z', '2018-03-06 09:39:11.240144Z'),
	('seniors-juniors', 'seniors / juniors', true, '2018-03-06 09:39:11.240144Z', '2018-03-06 09:39:11.240144Z'),
	('sensibilisation', 'sensibilisation', true, '2018-03-06 09:39:11.240144Z', '2018-03-06 09:39:11.240144Z'),
	('sensibilisation-education', e'sensibilisation & \u00E9ducation', true, '2018-03-06 09:39:11.240144Z', '2018-03-06 09:39:11.240144Z'),
	('sensibilisation-prevention', e'sensibilisation & pr\u00E9vention', true, '2018-03-06 09:39:11.240144Z', '2018-03-06 09:39:11.240144Z'),
	('isolement', e'isolement', true, '2018-03-06 09:39:11.240144Z', '2018-03-06 09:39:11.240144Z'),
	('ruralite', e'ruralité', true, '2018-03-06 09:39:11.240144Z', '2018-03-06 09:39:11.240144Z'),
	('intergenerationnel', e'intergenerationnel', true, '2018-03-06 09:39:11.240144Z', '2018-03-06 09:39:11.240144Z');

INSERT INTO tag (slug, label, enabled, created_at, updated_at) VALUES
	('service-civique', 'service civique', true, '2018-03-06 09:39:11.240144Z', '2018-03-06 09:39:11.240144Z'),
	('sexist-behaviour', 'sexist behaviour', true, '2018-03-06 09:39:11.240144Z', '2018-03-06 09:39:11.240144Z'),
	('sexual-violence', 'sexual violence', true, '2018-03-06 09:39:11.240144Z', '2018-03-06 09:39:11.240144Z'),
	('signalement', 'signalement', true, '2018-03-06 09:39:11.240144Z', '2018-03-06 09:39:11.240144Z'),
	('sistemazione', 'sistemazione', true, '2018-03-06 09:39:11.240144Z', '2018-03-06 09:39:11.240144Z'),
	('solidarite', e'solidarit\u00E9', true, '2018-03-06 09:39:11.240144Z', '2018-03-06 09:39:11.240144Z'),
	('solidarites', e'solidarit\u00E9s', true, '2018-03-06 09:39:11.240144Z', '2018-03-06 09:39:11.240144Z'),
	('sostegno-psicologico', 'sostegno psicologico', true, '2018-03-06 09:39:11.240144Z', '2018-03-06 09:39:11.240144Z'),
	('soutien-psychologique', 'soutien psychologique', true, '2018-03-06 09:39:11.240144Z', '2018-03-06 09:39:11.240144Z'),
	('startups', 'startups', true, '2018-03-06 09:39:11.240144Z', '2018-03-06 09:39:11.240144Z'),
	('statut-de-l-elu', e'statut de l\'\u00E9lu', true, '2018-03-06 09:39:11.240144Z', '2018-03-06 09:39:11.240144Z'),
	('street-art', 'street art', true, '2018-03-06 09:39:11.240144Z', '2018-03-06 09:39:11.240144Z'),
	('surpopulation', 'surpopulation', true, '2018-03-06 09:39:11.240144Z', '2018-03-06 09:39:11.240144Z'),
	('syndicats', 'syndicats', true, '2018-03-06 09:39:11.240144Z', '2018-03-06 09:39:11.240144Z'),
	('systeme-de-sante', e'syst\u00E8me de sant\u00E9', true, '2018-03-06 09:39:11.240144Z', '2018-03-06 09:39:11.240144Z'),
	('systeme-judiciaire', e'syst\u00E8me judiciaire', true, '2018-03-06 09:39:11.240144Z', '2018-03-06 09:39:11.240144Z'),
	(e's\u00E9curite', e's\u00E9curit\u00E9', true, '2018-03-06 09:39:11.240144Z', '2018-03-06 09:39:11.240144Z'),
	('television', e't\u00E9l\u00E9vision', true, '2018-03-06 09:39:11.240144Z', '2018-03-06 09:39:11.240144Z'),
	('terrorisme', 'terrorisme', true, '2018-03-06 09:39:11.240144Z', '2018-03-06 09:39:11.240144Z'),
	('theatre', e'th\u00E9\u00E2tre', true, '2018-03-06 09:39:11.240144Z', '2018-03-06 09:39:11.240144Z'),
	('traditions-nefastes-mutilations', e'traditions n\u00E9fastes & mutilations', true, '2018-03-06 09:39:11.240144Z', '2018-03-06 09:39:11.240144Z'),
	('tradizioni-dannose', 'tradizioni dannose', true, '2018-03-06 09:39:11.240144Z', '2018-03-06 09:39:11.240144Z'),
	('transportation', 'transportation', true, '2018-03-06 09:39:11.240144Z', '2018-03-06 09:39:11.240144Z'),
	('transports', 'transports', true, '2018-03-06 09:39:11.240144Z', '2018-03-06 09:39:11.240144Z'),
	('transports-en-commun', 'transports en commun', true, '2018-03-06 09:39:11.240144Z', '2018-03-06 09:39:11.240144Z'),
	('trasporti', 'trasporti', true, '2018-03-06 09:39:11.240144Z', '2018-03-06 09:39:11.240144Z'),
	('travailleurs-independants', e'travailleurs ind\u00E9pendants', true, '2018-03-06 09:39:11.240144Z', '2018-03-06 09:39:11.240144Z'),
	('ue', 'UE', true, '2018-03-06 09:39:11.240144Z', '2018-03-06 09:39:11.240144Z'),
	('union-europeenne', e'Union Europ\u00E9enne', true, '2018-03-06 09:39:11.240144Z', '2018-03-06 09:39:11.240144Z'),
	('urbanisme', 'urbanisme', true, '2018-03-06 09:39:11.240144Z', '2018-03-06 09:39:11.240144Z'),
	('urbanisme-habitat', 'urbanisme & habitat', true, '2018-03-06 09:39:11.240144Z', '2018-03-06 09:39:11.240144Z'),
	('vegetarien', e'v\u00E9g\u00E9tarien', true, '2018-03-06 09:39:11.240144Z', '2018-03-06 09:39:11.240144Z'),
	('vie-rurale', 'vie rurale', true, '2018-03-06 09:39:11.240144Z', '2018-03-06 09:39:11.240144Z'),
	('vieillissement', 'vieillissement', true, '2018-03-06 09:39:11.240144Z', '2018-03-06 09:39:11.240144Z'),
	('violences-conjugales', 'violences conjugales', true, '2018-03-06 09:39:11.240144Z', '2018-03-06 09:39:11.240144Z'),
	('violences-sexuelles', 'violences-sexuelles', true, '2018-03-06 09:39:11.240144Z', '2018-03-06 09:39:11.240144Z'),
	('violenza-coniugale', 'violenza coniugale', true, '2018-03-06 09:39:11.240144Z', '2018-03-06 09:39:11.240144Z'),
	('violenze-sessuali', 'violenze sessuali', true, '2018-03-06 09:39:11.240144Z', '2018-03-06 09:39:11.240144Z');

INSERT INTO theme ("uuid", actions_count, proposals_count, country, color, gradient_from, gradient_to, tags_ids, created_at, updated_at) VALUES
	('036f24fa-dc32-4808-bca9-7ccec1665585', 0, 0, 'FR', '#8BC34A', '#83BB1A', '#1FC8F1', 'action-publique|agriculture|bio|circuits-courts|consommation-responsable|energies-renouvelables|energies-traditionnelles|entreprises-collectivites|fiscalite-subventions|international|nouvelles-technologies|nucleaire|ogms-pesticides|recherche|recyclage-zero-dechets|sante|sensibilisation-education|transports|transports-en-commun|urbanisme-habitat', '2018-03-06 09:39:11.269431Z', '2018-03-06 09:39:11.269431Z'),
	('4f79b301-6735-4e88-ad36-69320d69cf2e', 0, 0, 'FR', '#E91E63', '#E81E61', '#7F2FD0', 'budget-depenses|collectivites-locales|education-civique|egalite-hommes-femmes|elections-vote|exemplarite|information-transparence|institutions|international|laicite|nouvelles-technologies|participation-citoyenne|renouvellement|representativite|statut-de-l-elu', '2018-03-06 09:39:11.269431Z', '2018-03-06 09:39:11.269431Z'),
	('6fb8d14a-388c-4713-a8a9-52ef89de3888', 0, 0, 'FR', '#03A9F4', '#4FC8FF', '#FFDC00', 'acces-a-la-culture|action-publique|cinema|danse|deconnexion|dessin|financement|fiscalite|formation|fracture-numerique|gafa|gastronomie|mode|musees|musique|nouvelles-technologies|patrimoine|peinture|reglementation|reseaux-sociaux|sensibilisation|startups|street-art|television|theatre', '2018-03-06 09:39:11.269431Z', '2018-03-06 09:39:11.269431Z'),
	('706b277c-3db8-403c-b3c9-7f69939181df', 0, 0, 'FR', '#9173C5', '#9173C6', '#EE98D7', 'bien-etre-en-classe|corps-enseignant|couts-de-scolarite-bourses|cursus|decrochage-soutien|discipline|discriminations|ecologie|education-civique|effectifs|egalite-des-chances|equipement-materiel|europe|evaluation-de-l-eleve|handicap|harcelement-violence|international|loisirs|methodes-d-apprentissage|nouvelles-technologies|orientation|parents-d-eleves|politique-de-l-education|prevention-sante|professionnalisation|programmes-matieres|public-prive|rythmes-scolaires|solidarite', '2018-03-06 09:39:11.269431Z', '2018-03-06 09:39:11.269431Z'),
	('8a4a9d0a-92b8-48e4-946d-3e6986296ec7', 0, 0, 'FR', '#311B92', '#311B92', '#54A0E3', 'afrique|aide-au-developpement|aide-humanitaire|amerique-du-nord|amerique-latine|asie|commerce|conflits|cooperation-internationale|culture-langues|diplomatie|ecologie|economie|immigration|institutions|monnaie|moyen-orient|oceanie|refugies|reglementation|terrorisme|union-europeenne', '2018-03-06 09:39:11.269431Z', '2018-03-06 09:39:11.269431Z'),
	('969118ae-949f-4a4a-af33-ec1bcc107450', 0, 0, 'FR', '#2E7D32', '#2E7D32', '#8FCF4B', 'action-publique|agriculture-raisonnee|animaux|bio|consommation-raisonnee|distribution|fiscalite|formation|industrie-agroalimentaire|information-labels|local|nouvelles-technologies|permaculture|produits-agricoles|produits-chimiques-ogms|union-europeenne|vie-rurale', '2018-03-06 09:39:11.269431Z', '2018-03-06 09:39:11.269431Z'),
	('980e6688-c169-4810-98d8-2b68043559bd', 0, 0, 'FR', '#FF9800', '#FF9800', '#FFEA9F', 'acces-a-la-propriete|acces-au-logement|aides|ecologie|etudiants|fiscalite-taxes|insalubrite|logements-sociaux|logements-vacants|loyers|marche-immobilier|nouvelles-technologies|sdf|solidarite|surpopulation|urbanisme', '2018-03-06 09:39:11.269431Z', '2018-03-06 09:39:11.269431Z'),
	('b3b37b86-1198-4e06-94ff-cb04f57c6b67', 0, 0, 'FR', '#26A69A', '#26A69A', '#1CEBA0', 'acces-aux-soins|addictions|bio|cuisine|etiquetage-label|fiscalite|habitudes-alimentaires|handicap|industrie-agroalimentaire|malbouffe|nouvelles-technologies|produits-chimiques-ogms|publicite|recherche|reseaux-de-distribution|secu|sensibilisation|systeme-de-sante|vegetarien', '2018-03-06 09:39:11.269431Z', '2018-03-06 09:39:11.269431Z'),
	('bae38574-56a7-4b91-8540-1428e737881a', 0, 0, 'FR', '#0E75C6', '#0E75C6', '#41CED6', 'acces-a-l-emploi|action-publique|actionnaires|allocations-aides|bien-etre-au-travail|chomage|competitivite|conges-duree-du-travail|droit-du-travail|ecologie|economie-solidaire|egalite-hommes-femmes|entrepreneuriat|exemplarite|finance-monnaie|fiscalite|fonctionnaires|formation|industrie|international|local|nouvelles-technologies|pme-tpe-startups|pouvoir-d-achat|retraite|revenu-universel-de-base|salaire-remuneration|seniors-juniors|syndicats|travailleurs-independants|union-europeenne', '2018-03-06 09:39:11.269431Z', '2018-03-06 09:39:11.269431Z'),
	('d6f4d333-2dc8-493b-aeac-e4a8f9a0f9af', 0, 0, 'FR', '#B7588B', '#FF9047', '#B7588B', 'armee|cooperation-internationale|deradicalisation|dispositifs-de-securite|drogues-et-trafics|exclusion-sociale|medias|nouvelles-technologies|peines|police|port-d-armes|prison|quartiers-sensibles|renseignement|securite-routiere|sensibilisation-prevention|systeme-judiciaire|terrorisme', '2018-03-06 09:39:11.269431Z', '2018-03-06 09:39:11.269431Z'),
	('f1990dfb-7b92-47cd-8015-e7ca0f961006', 0, 0, 'FR', '#F9E42A', '#ECD400', '#FF9FFD', 'accessibilite|aides|associations|contraception-ivg|discriminations|egalite|famille|information|jeunesse|laicite|lien-social|minorites|reinsertion|seniors|service-civique|solidarite', '2018-03-06 09:39:11.269431Z', '2018-03-06 09:39:11.269431Z');

INSERT INTO theme_translation (theme_uuid, language, title, slug) VALUES
	('036f24fa-dc32-4808-bca9-7ccec1665585', 'fr', e'd\u00E9veloppement durable / \u00E9nergie', 'developpement-durable-energie'),
	('4f79b301-6735-4e88-ad36-69320d69cf2e', 'fr', e'd\u00E9mocratie / vie politique', 'democratie-vie-politique'),
	('6fb8d14a-388c-4713-a8a9-52ef89de3888', 'fr', e'num\u00E9rique / culture', 'numerique-culture'),
	('706b277c-3db8-403c-b3c9-7f69939181df', 'fr', e'\u00E9ducation', 'education'),
	('8a4a9d0a-92b8-48e4-946d-3e6986296ec7', 'fr', 'europe / monde', 'europe-monde'),
	('969118ae-949f-4a4a-af33-ec1bcc107450', 'fr', e'agriculture / ruralit\u00E9', 'agriculture-ruralite'),
	('980e6688-c169-4810-98d8-2b68043559bd', 'fr', 'logement', 'logement'),
	('b3b37b86-1198-4e06-94ff-cb04f57c6b67', 'fr', e'sant\u00E9 / alimentation', 'sante-alimentation'),
	('bae38574-56a7-4b91-8540-1428e737881a', 'fr', e'\u00E9conomie / emploi / travail', 'economie-emploi-travail'),
	('d6f4d333-2dc8-493b-aeac-e4a8f9a0f9af', 'fr', e's\u00E9curit\u00E9 / justice', 'securite-justice'),
	('f1990dfb-7b92-47cd-8015-e7ca0f961006', 'fr', e'vivre ensemble / solidarit\u00E9s', 'vivre-ensemble-solidarites');

COMMIT;